id,first_name,last_name,email,gender,ip_address
1,Jasun,Colcutt,jcolcutt0@nytimes.com,Male,178.143.243.66
2,Giff,Westmacott,gwestmacott1@yahoo.co.jp,Male,40.108.227.161
3,Garvey,Edginton,gedginton2@reuters.com,Male,127.27.230.89
4,Marcela,McCafferky,mmccafferky3@ameblo.jp,Female,79.144.115.179
5,Romy,Brind,rbrind4@mayoclinic.com,Agender,68.251.142.3
6,Juli,Carbert,jcarbert5@hugedomains.com,Genderfluid,58.215.24.21
7,Alice,Piscot,apiscot6@stumbleupon.com,Bigender,32.76.216.49
8,Tania,Marlow,tmarlow7@constantcontact.com,Female,162.128.111.149
9,Blaine,Gravell,bgravell8@ftc.gov,Male,116.115.255.247
10,Reina,Rennox,rrennox9@bloglovin.com,Female,105.164.140.216
11,Arly,Peddar,apeddara@accuweather.com,Female,168.106.101.226
12,Magdalene,Nairn,mnairnb@uiuc.edu,Agender,18.7.137.148
13,Kerstin,Emnoney,kemnoneyc@jugem.jp,Female,171.65.173.46
14,Jarvis,Tolemache,jtolemached@ucoz.ru,Male,89.9.218.51
15,Orsa,Peacop,opeacope@tmall.com,Female,86.81.71.122
16,Yard,Mosdill,ymosdillf@apache.org,Male,254.91.160.36
17,Juieta,Deaville,jdeavilleg@tripod.com,Female,30.70.148.180
18,Garrett,Mundee,gmundeeh@reuters.com,Male,100.88.76.79
19,Harman,Ox,hoxi@thetimes.co.uk,Male,164.228.211.242
20,Becki,Issacof,bissacofj@nih.gov,Female,224.71.152.24
21,Bambie,Boorn,bboornk@istockphoto.com,Female,208.159.237.159
22,Casie,Osmon,cosmonl@unblog.fr,Female,33.198.209.197
23,Denna,Michael,dmichaelm@g.co,Female,198.205.72.116
24,Octavius,Duthie,oduthien@psu.edu,Male,211.3.32.182
25,Gladi,Cozens,gcozenso@godaddy.com,Female,40.132.134.236
26,Brooks,Morfey,bmorfeyp@fotki.com,Female,139.249.137.36
27,Daryl,Gronowe,dgronoweq@reverbnation.com,Male,169.151.91.184
28,Brock,Dibner,bdibnerr@ustream.tv,Agender,61.73.169.53
29,Ashley,Deabill,adeabills@51.la,Polygender,25.25.1.116
30,Walton,Gawith,wgawitht@cpanel.net,Male,202.97.191.17
31,Cassandre,Lovie,clovieu@cyberchimps.com,Female,71.39.10.68
32,Noak,Sidnall,nsidnallv@unblog.fr,Male,221.91.36.0
33,Winthrop,Mathews,wmathewsw@1688.com,Male,245.153.162.166
34,Yevette,Chidlow,ychidlowx@instagram.com,Female,167.67.74.114
35,Quincey,Summersett,qsummersetty@topsy.com,Male,88.196.220.43
36,Dasi,Wright,dwrightz@wikipedia.org,Female,179.56.155.207
37,Sallyanne,Hamnet,shamnet10@jigsy.com,Female,4.136.255.47
38,Gabby,Boddis,gboddis11@technorati.com,Male,208.85.9.20
39,Stavros,Tilney,stilney12@ocn.ne.jp,Male,201.57.128.6
40,Vittorio,Quiney,vquiney13@sakura.ne.jp,Male,128.25.177.22
41,Adiana,Hayland,ahayland14@xrea.com,Female,24.105.215.138
42,Amie,Wythe,awythe15@marriott.com,Female,34.105.36.100
43,Selig,Calbaithe,scalbaithe16@cbslocal.com,Male,239.115.26.32
44,Tersina,Sawle,tsawle17@army.mil,Genderqueer,51.93.250.130
45,Slade,Chese,schese18@cdbaby.com,Male,33.33.170.136
46,Joby,Bygrave,jbygrave19@usda.gov,Female,246.37.160.57
47,Regine,Lemmer,rlemmer1a@statcounter.com,Bigender,56.73.226.204
48,Mozes,Klyn,mklyn1b@deviantart.com,Male,210.159.104.119
49,Giraud,Benger,gbenger1c@posterous.com,Male,63.74.4.13
50,Lilyan,Thomson,lthomson1d@domainmarket.com,Female,92.38.134.176
51,Julie,Davet,jdavet1e@theguardian.com,Male,207.141.92.115
52,Philippine,Glavin,pglavin1f@angelfire.com,Female,50.106.75.141
53,Nickie,Klimaszewski,nklimaszewski1g@google.com.au,Male,249.244.45.110
54,Grant,Gerrish,ggerrish1h@vimeo.com,Male,30.127.115.82
55,Johann,Shickle,jshickle1i@newyorker.com,Male,33.203.226.73
56,Harrison,Pyzer,hpyzer1j@constantcontact.com,Male,27.219.45.213
57,Aloin,Burt,aburt1k@hhs.gov,Male,58.23.136.156
58,Marcel,Kores,mkores1l@businesswire.com,Male,159.46.207.225
59,Giorgio,Abell,gabell1m@constantcontact.com,Male,246.57.143.207
60,Huey,Bittany,hbittany1n@goodreads.com,Polygender,246.65.47.120
61,Leslie,Worden,lworden1o@friendfeed.com,Male,14.222.23.82
62,Linc,Cruikshanks,lcruikshanks1p@loc.gov,Male,222.2.149.104
63,Jacinda,Moxson,jmoxson1q@buzzfeed.com,Female,50.24.31.29
64,Marsh,Critoph,mcritoph1r@artisteer.com,Male,1.190.170.112
65,Cammie,Remon,cremon1s@ibm.com,Female,200.36.111.71
66,Janna,Brendeke,jbrendeke1t@gnu.org,Genderqueer,22.67.219.183
67,Mareah,Winterson,mwinterson1u@google.nl,Female,191.105.196.103
68,Cirstoforo,Brosel,cbrosel1v@jalbum.net,Male,69.124.245.169
69,Binny,Hunnicot,bhunnicot1w@yale.edu,Female,242.148.183.175
70,Lauralee,Iannazzi,liannazzi1x@flavors.me,Female,27.226.33.180
71,Prudy,Gun,pgun1y@seesaa.net,Female,59.174.35.5
72,Elsy,Barhams,ebarhams1z@npr.org,Female,46.92.77.55
73,Moore,Rankin,mrankin20@utexas.edu,Male,31.196.37.6
74,Wilona,Geeraert,wgeeraert21@google.com.au,Female,6.247.142.126
75,Vernen,Bohey,vbohey22@hao123.com,Male,80.107.85.44
76,Terrel,Bau,tbau23@infoseek.co.jp,Male,227.243.149.65
77,Tyne,Wolfit,twolfit24@unblog.fr,Female,4.176.99.188
78,June,Lowy,jlowy25@tmall.com,Female,97.155.149.160
79,Greg,Houlton,ghoulton26@e-recht24.de,Male,185.80.238.130
80,Hermione,Hayers,hhayers27@pinterest.com,Female,154.141.72.56
81,Jess,Gaskal,jgaskal28@twitter.com,Female,51.163.5.62
82,Cyrill,Menat,cmenat29@hugedomains.com,Polygender,15.184.141.247
83,Avigdor,Jerrold,ajerrold2a@domainmarket.com,Male,61.170.122.246
84,Ewan,Shird,eshird2b@twitpic.com,Male,188.194.98.235
85,Nev,Brettelle,nbrettelle2c@blogger.com,Male,1.23.175.152
86,Barty,Piris,bpiris2d@eventbrite.com,Male,54.93.1.59
87,Gae,Krysztofowicz,gkrysztofowicz2e@blinklist.com,Female,118.13.164.254
88,Damaris,Jedrys,djedrys2f@weibo.com,Female,29.214.17.173
89,Jamill,Itzig,jitzig2g@slashdot.org,Male,51.11.21.38
90,Carl,Jozsa,cjozsa2h@globo.com,Male,51.105.103.245
91,Xylina,Sill,xsill2i@dagondesign.com,Female,78.179.188.249
92,Denni,O'Corrigane,docorrigane2j@topsy.com,Female,220.13.228.65
93,Elysia,Welton,ewelton2k@yandex.ru,Female,200.105.44.70
94,Urbain,Connealy,uconnealy2l@domainmarket.com,Male,221.91.44.249
95,Merrel,Abelovitz,mabelovitz2m@nature.com,Male,254.176.131.174
96,Teddie,Etherson,tetherson2n@wired.com,Male,84.118.36.24
97,Annecorinne,Shalloo,ashalloo2o@businesswire.com,Female,217.151.108.211
98,Alexio,Symington,asymington2p@wired.com,Genderfluid,27.221.24.50
99,Riley,MacKenny,rmackenny2q@bluehost.com,Male,130.184.120.85
100,Marlowe,Ygoe,mygoe2r@jigsy.com,Male,185.114.225.107
101,Gustaf,Ivanchenkov,givanchenkov2s@tumblr.com,Male,62.101.33.42
102,Oswell,Heater,oheater2t@vk.com,Male,74.136.99.107
103,Sibylla,Cable,scable2u@skyrock.com,Female,172.68.42.133
104,Wait,Sitlinton,wsitlinton2v@utexas.edu,Male,61.7.129.131
105,Malina,O' Culligan,moculligan2w@comsenz.com,Female,240.14.33.120
106,Jeremie,Lynde,jlynde2x@arstechnica.com,Male,193.203.58.14
107,Sydney,Kubica,skubica2y@flavors.me,Female,31.37.13.216
108,Fionnula,Mitchinson,fmitchinson2z@tumblr.com,Female,56.74.96.146
109,Eadith,Inger,einger30@cyberchimps.com,Female,42.28.9.31
110,Nicola,Bearcroft,nbearcroft31@ed.gov,Female,28.142.15.10
111,Rutledge,Spalton,rspalton32@berkeley.edu,Male,215.78.36.181
112,Jamison,Loveday,jloveday33@oracle.com,Male,121.160.138.83
113,Mirelle,Findley,mfindley34@discovery.com,Female,43.3.206.60
114,Montague,Windous,mwindous35@typepad.com,Male,170.86.210.243
115,Pattie,Mc Coughan,pmccoughan36@sun.com,Female,179.214.29.175
116,Jere,Allin,jallin37@histats.com,Female,173.34.213.77
117,Joela,Matyasik,jmatyasik38@shutterfly.com,Female,221.133.79.65
118,Deidre,Parzis,dparzis39@house.gov,Female,169.131.3.82
119,Clerc,Mangion,cmangion3a@arizona.edu,Male,89.75.110.164
120,Elisabetta,McNay,emcnay3b@posterous.com,Female,149.74.130.93
121,Dennison,Brandham,dbrandham3c@soup.io,Male,190.248.86.51
122,Felipe,Quogan,fquogan3d@smh.com.au,Male,172.53.35.108
123,Sapphire,Mullarkey,smullarkey3e@dailymotion.com,Female,105.96.67.104
124,Lian,Poppy,lpoppy3f@w3.org,Female,10.199.218.254
125,Dicky,Thies,dthies3g@eventbrite.com,Male,124.37.7.238
126,Elana,Janaszkiewicz,ejanaszkiewicz3h@hatena.ne.jp,Agender,224.182.187.167
127,Tiffie,Horrigan,thorrigan3i@businessweek.com,Female,90.219.109.58
128,Ferdinanda,Varlow,fvarlow3j@buzzfeed.com,Female,136.160.187.178
129,Jo,Broadberry,jbroadberry3k@about.com,Male,92.29.106.184
130,Rica,McClay,rmcclay3l@wufoo.com,Female,97.119.141.11
131,Percy,Angier,pangier3m@over-blog.com,Male,215.0.4.112
132,Kellen,Yurmanovev,kyurmanovev3n@salon.com,Male,54.112.62.163
133,Byran,Errigo,berrigo3o@yandex.ru,Male,100.255.181.195
134,Cord,Baldree,cbaldree3p@cdc.gov,Genderfluid,177.85.60.172
135,Zilvia,Girardi,zgirardi3q@mayoclinic.com,Female,27.72.212.33
136,Julie,Aishford,jaishford3r@walmart.com,Female,103.3.44.218
137,Arney,Blazynski,ablazynski3s@spotify.com,Male,220.227.100.139
138,Guido,Bewshea,gbewshea3t@cornell.edu,Male,146.156.50.252
139,Sheelagh,Forsdyke,sforsdyke3u@boston.com,Genderfluid,157.72.187.99
140,Jacques,Ivanchenkov,jivanchenkov3v@theatlantic.com,Male,130.41.153.154
141,Stanleigh,Matchitt,smatchitt3w@ucoz.ru,Male,79.82.19.253
142,Merna,Deackes,mdeackes3x@nsw.gov.au,Female,158.111.204.118
143,Keven,Halpin,khalpin3y@msn.com,Male,45.230.116.24
144,Bunnie,Skelington,bskelington3z@blogspot.com,Female,12.108.73.160
145,Brendin,Boothebie,bboothebie40@constantcontact.com,Male,178.119.113.240
146,Conroy,Rubenfeld,crubenfeld41@hubpages.com,Male,250.189.76.186
147,Greggory,Croughan,gcroughan42@ameblo.jp,Male,183.254.64.167
148,Arnie,Menham,amenham43@imageshack.us,Male,53.34.199.59
149,Billie,Paye,bpaye44@hud.gov,Male,142.110.3.67
150,Rufe,Robberecht,rrobberecht45@squidoo.com,Male,227.142.250.42
151,Nap,Coie,ncoie46@ow.ly,Polygender,137.156.35.58
152,Boycie,Steptoe,bsteptoe47@trellian.com,Male,158.195.242.169
153,Alberik,Guille,aguille48@timesonline.co.uk,Male,97.167.121.4
154,Cris,Hartlebury,chartlebury49@yahoo.co.jp,Male,182.213.49.176
155,Abner,Brittle,abrittle4a@scribd.com,Agender,168.61.5.159
156,Kaspar,Tarver,ktarver4b@senate.gov,Male,53.227.30.74
157,Kenton,Tungay,ktungay4c@reuters.com,Male,29.199.154.65
158,Binky,Lightowler,blightowler4d@state.gov,Male,88.2.252.73
159,Beulah,Goodbody,bgoodbody4e@adobe.com,Female,154.233.90.188
160,Ashla,Florez,aflorez4f@cbslocal.com,Female,79.8.46.211
161,Lucretia,Richt,lricht4g@salon.com,Female,21.151.83.102
162,Kasper,Clemence,kclemence4h@bloglovin.com,Male,211.4.180.247
163,Sibilla,Phil,sphil4i@google.it,Female,237.201.174.196
164,Cyrus,Girth,cgirth4j@godaddy.com,Male,206.29.53.155
165,Marshall,Baylay,mbaylay4k@salon.com,Male,139.94.70.214
166,Kelbee,Smaleman,ksmaleman4l@skype.com,Male,43.207.146.152
167,Gerta,Vassar,gvassar4m@prweb.com,Female,73.184.73.104
168,Mycah,Gresham,mgresham4n@usnews.com,Male,146.247.61.140
169,Fredelia,Blaxill,fblaxill4o@ebay.com,Female,192.93.160.207
170,Ker,Lennie,klennie4p@samsung.com,Male,67.154.200.80
171,Freda,Lewsy,flewsy4q@tmall.com,Agender,95.15.50.216
172,Ted,Abrahamian,tabrahamian4r@google.co.jp,Male,128.255.58.61
173,Shanie,Wenzel,swenzel4s@addthis.com,Female,200.146.200.146
174,Lemar,Draper,ldraper4t@wix.com,Male,178.244.121.163
175,Lula,Greetham,lgreetham4u@unesco.org,Female,179.27.185.27
176,Yardley,Furley,yfurley4v@youtu.be,Male,154.50.199.234
177,Latrena,Brumble,lbrumble4w@shop-pro.jp,Female,9.114.204.39
178,Lynna,Shearer,lshearer4x@sitemeter.com,Female,235.188.195.252
179,Kelvin,Emnoney,kemnoney4y@ycombinator.com,Male,157.189.127.136
180,Delano,Burk,dburk4z@ezinearticles.com,Male,133.130.48.39
181,Urbano,Habbon,uhabbon50@jiathis.com,Male,62.67.31.145
182,Charlena,Maddigan,cmaddigan51@joomla.org,Female,149.108.222.212
183,Malorie,Treat,mtreat52@gravatar.com,Female,168.101.194.80
184,Benton,Brackenbury,bbrackenbury53@discuz.net,Male,227.88.113.18
185,Esteban,Racine,eracine54@icio.us,Polygender,70.94.46.230
186,Jehu,Bavester,jbavester55@yale.edu,Male,226.251.111.9
187,Cyrillus,Jakubovitch,cjakubovitch56@epa.gov,Male,101.199.7.154
188,Vicki,Casterou,vcasterou57@usa.gov,Female,17.232.35.234
189,Ashla,Lauga,alauga58@wordpress.com,Female,188.24.198.181
190,Emmalee,de Guerre,edeguerre59@feedburner.com,Female,38.190.18.221
191,Maggie,Jebb,mjebb5a@oaic.gov.au,Female,234.65.237.21
192,Johnath,Croyser,jcroyser5b@rambler.ru,Female,147.244.252.111
193,Mellie,Anmore,manmore5c@nsw.gov.au,Female,33.202.99.128
194,Mohandas,Melding,mmelding5d@unesco.org,Male,193.198.40.211
195,Leeland,Beardsall,lbeardsall5e@theglobeandmail.com,Male,11.94.30.144
196,Matilda,Shoebridge,mshoebridge5f@yahoo.co.jp,Female,223.86.218.48
197,Nara,Garred,ngarred5g@alibaba.com,Female,164.32.239.30
198,Cele,Kleint,ckleint5h@virginia.edu,Female,20.37.86.204
199,Walton,Grunder,wgrunder5i@bandcamp.com,Male,161.242.120.81
200,Lance,Sandeson,lsandeson5j@1und1.de,Male,179.176.173.143
201,Jania,Makey,jmakey5k@sphinn.com,Female,58.61.145.42
202,Cirillo,Glawsop,cglawsop5l@aol.com,Male,72.246.45.145
203,Wendall,Castanares,wcastanares5m@mtv.com,Male,159.239.222.101
204,Consuelo,Moore,cmoore5n@nifty.com,Female,121.138.243.17
205,Marlyn,Piotrowski,mpiotrowski5o@hp.com,Female,79.125.189.229
206,Hagen,Shillinglaw,hshillinglaw5p@trellian.com,Male,220.112.173.1
207,Jeffry,Wastie,jwastie5q@discovery.com,Male,202.9.135.78
208,Ainsley,Faire,afaire5r@marketwatch.com,Female,198.223.143.228
209,Arri,Myring,amyring5s@friendfeed.com,Male,127.219.104.133
210,Tadeo,Mack,tmack5t@chron.com,Male,160.246.34.106
211,Quintin,Geffe,qgeffe5u@dell.com,Non-binary,100.217.15.70
212,Lynea,Lidgertwood,llidgertwood5v@senate.gov,Female,61.157.236.246
213,Briano,Cadore,bcadore5w@deliciousdays.com,Male,120.91.240.125
214,Grant,Melia,gmelia5x@seesaa.net,Male,245.204.179.60
215,Reyna,Cometti,rcometti5y@census.gov,Female,135.205.159.12
216,Skipp,Croxford,scroxford5z@craigslist.org,Male,23.80.51.156
217,Sid,Jordi,sjordi60@jiathis.com,Male,195.248.50.155
218,Northrop,de Vaen,ndevaen61@smugmug.com,Male,61.142.167.36
219,Dorry,Pavlitschek,dpavlitschek62@issuu.com,Female,210.195.146.207
220,Cale,Trenbay,ctrenbay63@reference.com,Male,224.244.199.131
221,Teodoor,Dancer,tdancer64@ask.com,Male,192.179.213.239
222,Felipe,Andrei,fandrei65@aboutads.info,Male,30.184.239.247
223,Lotty,Templman,ltemplman66@slashdot.org,Female,212.167.249.48
224,Ardeen,Cordelet,acordelet67@salon.com,Female,5.184.18.64
225,Orbadiah,Danshin,odanshin68@github.io,Male,5.27.175.219
226,Donnamarie,Triggel,dtriggel69@booking.com,Genderfluid,155.211.162.109
227,Ralina,Middleditch,rmiddleditch6a@amazon.com,Female,74.249.28.31
228,Dov,Van Merwe,dvanmerwe6b@about.me,Male,241.59.105.201
229,Merlina,Canceller,mcanceller6c@smh.com.au,Genderfluid,206.53.65.158
230,Lilla,Gitting,lgitting6d@g.co,Female,213.57.38.214
231,Rheba,Carmont,rcarmont6e@arizona.edu,Female,228.241.172.159
232,Demetris,Blenkharn,dblenkharn6f@discuz.net,Female,105.173.145.120
233,Bennett,Belham,bbelham6g@unc.edu,Male,7.167.219.114
234,Hertha,Ennor,hennor6h@independent.co.uk,Agender,134.81.174.202
235,Avis,Bottrell,abottrell6i@qq.com,Female,245.129.218.248
236,Jefferey,Aisman,jaisman6j@huffingtonpost.com,Male,7.78.226.243
237,Laverna,Beare,lbeare6k@dailymotion.com,Female,106.214.43.8
238,Martainn,Rapo,mrapo6l@virginia.edu,Male,161.235.207.67
239,Barbie,Spiaggia,bspiaggia6m@mayoclinic.com,Female,86.162.217.79
240,Blisse,Keveren,bkeveren6n@marriott.com,Female,230.73.123.127
241,Hobart,Geri,hgeri6o@taobao.com,Male,15.140.115.42
242,Justen,Hedgecock,jhedgecock6p@go.com,Male,38.30.16.226
243,Sunshine,Duffield,sduffield6q@smugmug.com,Female,96.181.233.197
244,Arabelle,Windeatt,awindeatt6r@thetimes.co.uk,Female,234.85.107.224
245,Raffarty,Roderick,rroderick6s@wiley.com,Male,57.21.79.238
246,Risa,Reavey,rreavey6t@washingtonpost.com,Female,184.112.0.202
247,Jere,Wyvill,jwyvill6u@icq.com,Female,40.4.234.144
248,Elly,Tellenbroker,etellenbroker6v@un.org,Genderfluid,223.39.155.48
249,Mirilla,Kears,mkears6w@illinois.edu,Genderfluid,168.206.35.236
250,Pietra,Millen,pmillen6x@sun.com,Female,34.10.131.2
251,Othelia,McCaskell,omccaskell6y@globo.com,Female,54.210.23.216
252,Alyss,Hegg,ahegg6z@imgur.com,Female,60.3.248.53
253,Frances,Askam,faskam70@domainmarket.com,Polygender,78.250.249.105
254,Nelly,Shepherdson,nshepherdson71@pen.io,Agender,131.199.83.236
255,Sampson,O'Gormley,sogormley72@imdb.com,Male,190.153.242.21
256,Elvera,Cron,ecron73@apache.org,Female,35.54.63.184
257,Myron,Grimditch,mgrimditch74@engadget.com,Male,100.40.120.10
258,Brennen,Gounot,bgounot75@sina.com.cn,Genderfluid,42.23.226.231
259,Augustine,Sabbins,asabbins76@ft.com,Male,134.118.139.190
260,Rudolph,Skae,rskae77@techcrunch.com,Male,212.11.238.180
261,Reynard,Commings,rcommings78@sciencedirect.com,Male,44.147.56.20
262,Dulce,Shapter,dshapter79@oracle.com,Female,141.144.111.32
263,Enriqueta,Collisson,ecollisson7a@home.pl,Female,128.240.194.127
264,Celestia,Gellibrand,cgellibrand7b@imdb.com,Female,206.112.181.77
265,Westleigh,Bitterton,wbitterton7c@devhub.com,Male,65.228.69.108
266,Reta,Coote,rcoote7d@miibeian.gov.cn,Female,221.46.234.17
267,Davy,Litchmore,dlitchmore7e@edublogs.org,Male,239.222.60.205
268,Harland,Jesteco,hjesteco7f@ft.com,Bigender,215.99.58.1
269,Hettie,Radke,hradke7g@ca.gov,Female,31.107.228.90
270,Lane,Pitkeathly,lpitkeathly7h@baidu.com,Female,235.254.19.47
271,Joyce,Cowden,jcowden7i@discovery.com,Female,152.41.61.166
272,Donovan,Lammertz,dlammertz7j@infoseek.co.jp,Male,205.119.243.17
273,Skippy,MacIlhagga,smacilhagga7k@blogtalkradio.com,Male,122.243.68.220
274,Ev,Antony,eantony7l@slate.com,Male,130.33.173.57
275,Simonette,Geator,sgeator7m@example.com,Female,200.134.52.253
276,Reinhold,Orwell,rorwell7n@goo.gl,Male,198.114.225.48
277,Rancell,Martt,rmartt7o@theglobeandmail.com,Agender,80.141.124.138
278,Camella,Elsey,celsey7p@howstuffworks.com,Female,93.67.85.105
279,Penrod,Bromidge,pbromidge7q@wordpress.org,Polygender,231.118.221.172
280,Katusha,Hoopper,khoopper7r@thetimes.co.uk,Female,21.37.29.111
281,Gloriane,Dungay,gdungay7s@simplemachines.org,Female,187.83.84.69
282,Grannie,Dongall,gdongall7t@spotify.com,Male,167.242.57.152
283,Ricca,Sharrock,rsharrock7u@dell.com,Female,212.244.164.104
284,Hunt,McAviy,hmcaviy7v@businesswire.com,Male,122.98.238.169
285,Padget,Cristofari,pcristofari7w@sun.com,Male,85.254.61.77
286,Ellsworth,Dudney,edudney7x@goodreads.com,Male,124.82.247.99
287,Ertha,Yokel,eyokel7y@npr.org,Female,174.16.124.183
288,Leif,Lockhurst,llockhurst7z@deliciousdays.com,Male,57.125.54.157
289,Christi,Esposita,cesposita80@icq.com,Female,219.42.86.109
290,Katey,Kendred,kkendred81@vistaprint.com,Female,12.221.230.248
291,Peter,Bance,pbance82@webeden.co.uk,Male,135.206.123.170
292,Nichols,Henriquet,nhenriquet83@oakley.com,Genderqueer,240.31.88.170
293,Olympia,Bruniges,obruniges84@live.com,Female,110.191.35.23
294,Sayre,Dunkerton,sdunkerton85@quantcast.com,Genderqueer,92.151.62.59
295,Kristian,Ivins,kivins86@ed.gov,Male,244.3.38.41
296,Ree,Duberry,rduberry87@youtube.com,Female,19.33.147.108
297,Foster,Leversha,fleversha88@china.com.cn,Male,132.10.173.8
298,Vinson,Adrian,vadrian89@newyorker.com,Male,49.18.29.1
299,Opal,Bilbery,obilbery8a@springer.com,Female,128.82.202.59
300,Jeanna,Whitloe,jwhitloe8b@boston.com,Female,145.142.186.19
301,Malynda,Simonaitis,msimonaitis8c@techcrunch.com,Agender,18.109.156.248
302,Humfrey,Bulstrode,hbulstrode8d@lycos.com,Male,5.103.71.240
303,Brewer,Cheney,bcheney8e@accuweather.com,Male,42.59.79.202
304,Dunc,Whitnell,dwhitnell8f@multiply.com,Male,111.233.215.65
305,Grissel,Menhci,gmenhci8g@walmart.com,Female,5.120.35.230
306,Blakelee,Marzelle,bmarzelle8h@tinypic.com,Female,40.152.156.79
307,Iorgo,Paydon,ipaydon8i@addtoany.com,Male,113.20.213.38
308,Salomon,Insworth,sinsworth8j@feedburner.com,Male,103.239.189.245
309,Russell,Vedntyev,rvedntyev8k@multiply.com,Male,244.131.60.155
310,Aurie,Totton,atotton8l@altervista.org,Female,64.13.21.246
311,Adan,Lowrance,alowrance8m@nationalgeographic.com,Male,147.127.24.245
312,Leopold,Hernik,lhernik8n@bbb.org,Male,200.199.75.111
313,Kahaleel,Folley,kfolley8o@taobao.com,Male,56.159.247.30
314,Ashlee,Jertz,ajertz8p@ovh.net,Female,29.41.90.87
315,Carolann,Pargent,cpargent8q@alibaba.com,Female,253.220.62.115
316,Alfons,Rimes,arimes8r@theatlantic.com,Male,84.7.209.255
317,Ignaz,Aspin,iaspin8s@ezinearticles.com,Male,138.29.130.139
318,Wiatt,Garman,wgarman8t@home.pl,Male,96.186.212.151
319,Leone,Northin,lnorthin8u@economist.com,Female,203.77.72.79
320,Ara,Grouse,agrouse8v@ucsd.edu,Male,205.4.214.64
321,Valene,Grugerr,vgrugerr8w@imdb.com,Female,30.141.253.156
322,Edgard,Barthod,ebarthod8x@comcast.net,Male,56.212.169.175
323,Carlie,Moulds,cmoulds8y@liveinternet.ru,Male,83.225.10.51
324,Jackqueline,Sturdgess,jsturdgess8z@digg.com,Female,192.168.99.228
325,Efrem,Stolz,estolz90@opensource.org,Male,1.16.103.48
326,Novelia,Salvatore,nsalvatore91@hud.gov,Female,77.6.81.31
327,Byrann,Capinetti,bcapinetti92@cbc.ca,Male,111.62.7.242
328,Tammy,Duffield,tduffield93@intel.com,Male,150.18.185.240
329,Angelle,Gages,agages94@ezinearticles.com,Female,55.70.29.190
330,Ardyth,Liverock,aliverock95@psu.edu,Female,24.144.226.255
331,Rina,Reisen,rreisen96@g.co,Female,86.193.106.232
332,Aindrea,Duiged,aduiged97@nih.gov,Female,57.201.3.15
333,Salvatore,Durham,sdurham98@ocn.ne.jp,Male,84.150.33.202
334,Faythe,Jarman,fjarman99@wikimedia.org,Female,251.121.87.255
335,Meier,Obern,mobern9a@exblog.jp,Male,29.47.40.64
336,Abdel,Vany,avany9b@t-online.de,Male,167.39.229.206
337,Anthe,Robens,arobens9c@sfgate.com,Female,84.148.22.5
338,Lura,Gough,lgough9d@pcworld.com,Female,65.120.137.141
339,Rock,Fawlkes,rfawlkes9e@facebook.com,Male,21.28.19.96
340,Mommy,Stormes,mstormes9f@example.com,Female,125.28.135.234
341,Kiah,Miettinen,kmiettinen9g@uiuc.edu,Female,76.26.55.141
342,Johnath,Maffione,jmaffione9h@noaa.gov,Female,177.165.237.186
343,Reynard,Shevlane,rshevlane9i@npr.org,Male,120.41.149.190
344,Christyna,Rene,crene9j@harvard.edu,Female,60.79.57.183
345,Pollyanna,Asbery,pasbery9k@biblegateway.com,Female,144.59.202.192
346,Storm,Cortese,scortese9l@webmd.com,Female,242.3.140.189
347,Biddie,Sicha,bsicha9m@netvibes.com,Female,84.184.72.128
348,Kasper,Crum,kcrum9n@yolasite.com,Male,118.140.68.7
349,Tris,Scholefield,tscholefield9o@harvard.edu,Male,31.91.173.95
350,Vlad,Trueman,vtrueman9p@netlog.com,Male,237.121.198.55
351,Alicia,Ganniclifft,aganniclifft9q@devhub.com,Female,120.149.44.152
352,Heloise,Higginbottam,hhigginbottam9r@usatoday.com,Agender,144.224.54.228
353,Illa,Erasmus,ierasmus9s@china.com.cn,Female,69.246.221.84
354,Bucky,Maffey,bmaffey9t@quantcast.com,Male,48.128.141.247
355,Renee,Elstow,relstow9u@printfriendly.com,Genderqueer,227.192.250.30
356,Lilia,Mereweather,lmereweather9v@nature.com,Female,233.236.22.12
357,Anne,Kuhnt,akuhnt9w@wikispaces.com,Female,57.98.57.180
358,Hedy,Eastope,heastope9x@bloglines.com,Female,151.250.9.217
359,Meg,Coogan,mcoogan9y@nytimes.com,Genderfluid,135.253.66.7
360,Dannel,Philippeaux,dphilippeaux9z@youtu.be,Polygender,195.115.127.141
361,Camilla,Sygroves,csygrovesa0@list-manage.com,Female,185.126.248.173
362,Temp,Frediani,tfrediania1@booking.com,Male,86.23.184.135
363,Lowrance,Matissoff,lmatissoffa2@ft.com,Male,23.91.104.115
364,Chrysler,Wethers,cwethersa3@zimbio.com,Female,156.98.166.50
365,Hildagarde,Lotze,hlotzea4@ted.com,Female,253.176.158.195
366,Rhodia,Poulsom,rpoulsoma5@storify.com,Female,110.142.251.170
367,Patricio,Primett,pprimetta6@java.com,Male,99.214.181.238
368,Issiah,McAvinchey,imcavincheya7@free.fr,Male,99.1.79.184
369,Milka,Loffill,mloffilla8@gizmodo.com,Female,153.9.34.190
370,Dulcea,Kingsford,dkingsforda9@de.vu,Female,106.47.145.132
371,Giusto,Kelson,gkelsonaa@about.com,Male,181.253.106.154
372,Cris,Mole,cmoleab@japanpost.jp,Female,194.68.67.164
373,Gertrudis,Dubarry,gdubarryac@etsy.com,Female,99.41.70.35
374,Bret,Hallut,bhallutad@booking.com,Male,237.34.114.5
375,Hamel,Elstone,helstoneae@answers.com,Male,69.63.191.117
376,Gwyneth,Grollmann,ggrollmannaf@pagesperso-orange.fr,Female,176.222.153.206
377,Orren,Crebo,ocreboag@cbslocal.com,Male,122.183.113.78
378,Pearle,Garfath,pgarfathah@apache.org,Female,83.240.70.14
379,Ave,Cattroll,acattrollai@stanford.edu,Male,134.50.31.87
380,Mireielle,Ludye,mludyeaj@twitter.com,Polygender,140.196.44.16
381,Amye,Inkin,ainkinak@imdb.com,Female,203.149.129.179
382,Kayley,Martijn,kmartijnal@theatlantic.com,Female,164.97.146.111
383,Ernestus,Dovey,edoveyam@geocities.jp,Male,127.17.187.21
384,Cherey,Smaleman,csmalemanan@forbes.com,Female,195.237.220.214
385,Ulrich,Timms,utimmsao@rakuten.co.jp,Male,3.231.125.152
386,Fidelity,Flahy,fflahyap@reverbnation.com,Genderfluid,94.102.220.134
387,Letizia,Ruske,lruskeaq@hatena.ne.jp,Genderqueer,50.100.24.194
388,Prentice,Swallow,pswallowar@dropbox.com,Genderqueer,100.117.153.64
389,Daveen,Smewin,dsmewinas@phpbb.com,Female,160.121.186.72
390,Christiana,Gornall,cgornallat@webs.com,Female,88.38.184.7
391,Dennis,Gristhwaite,dgristhwaiteau@ycombinator.com,Male,140.3.165.245
392,Lindsey,Grinsted,lgrinstedav@hud.gov,Male,205.223.132.227
393,Rafaela,Pounds,rpoundsaw@auda.org.au,Female,177.228.235.190
394,Hieronymus,Hagwood,hhagwoodax@sitemeter.com,Male,60.90.61.200
395,Forrest,Fludgate,ffludgateay@state.gov,Male,135.73.127.66
396,Britni,Crystal,bcrystalaz@bbb.org,Female,51.126.140.58
397,Crawford,Albasini,calbasinib0@com.com,Male,115.4.109.133
398,Zebadiah,Derisly,zderislyb1@twitter.com,Male,215.237.239.227
399,Farlay,Masselin,fmasselinb2@unblog.fr,Male,92.19.19.5
400,Crissy,Heathorn,cheathornb3@twitter.com,Female,252.96.156.39
401,Orion,Hewell,ohewellb4@arstechnica.com,Male,160.180.15.73
402,Farly,Planke,fplankeb5@nytimes.com,Male,154.108.150.228
403,Bryn,Fosse,bfosseb6@google.cn,Female,54.138.72.102
404,Dionis,Messom,dmessomb7@qq.com,Female,160.83.86.16
405,Willi,McCaughan,wmccaughanb8@cnet.com,Female,13.218.91.175
406,Aurie,Jakel,ajakelb9@sitemeter.com,Female,200.23.188.193
407,Samara,Batchelar,sbatchelarba@ted.com,Female,250.84.121.67
408,Cirstoforo,Scallon,cscallonbb@slate.com,Male,155.14.239.241
409,Beilul,Capelen,bcapelenbc@trellian.com,Female,79.200.69.14
410,Caresse,Abadam,cabadambd@stanford.edu,Female,142.222.185.111
411,Adelle,De la croix,adelacroixbe@purevolume.com,Female,243.148.233.168
412,Christoffer,Heibel,cheibelbf@independent.co.uk,Male,22.200.223.40
413,Barby,Phettis,bphettisbg@is.gd,Female,186.3.38.206
414,Samuele,McCree,smccreebh@hud.gov,Male,186.187.130.119
415,Dougie,Fishbourn,dfishbournbi@prlog.org,Male,130.246.236.166
416,Gail,Gutcher,ggutcherbj@telegraph.co.uk,Bigender,53.146.29.54
417,Tish,Leonida,tleonidabk@pagesperso-orange.fr,Female,166.37.230.68
418,Myrle,Sultana,msultanabl@forbes.com,Female,150.214.115.69
419,Pedro,Pedley,ppedleybm@huffingtonpost.com,Agender,108.137.250.147
420,Letisha,Dongall,ldongallbn@wix.com,Female,179.118.131.72
421,Dulsea,Woodger,dwoodgerbo@wikimedia.org,Female,196.72.29.241
422,Todd,Inch,tinchbp@apache.org,Male,151.167.110.56
423,Shepard,Brandrick,sbrandrickbq@yahoo.co.jp,Male,15.64.235.173
424,Weber,Hallock,whallockbr@oracle.com,Male,111.141.96.104
425,Guinna,Betteson,gbettesonbs@eepurl.com,Female,77.107.88.251
426,Bord,Pearse,bpearsebt@walmart.com,Male,66.178.133.14
427,Enrichetta,Dutnell,edutnellbu@stumbleupon.com,Female,54.194.144.66
428,Dani,Webb,dwebbbv@hatena.ne.jp,Male,230.244.5.11
429,Amos,Soppit,asoppitbw@princeton.edu,Male,218.103.95.206
430,Bryana,Frears,bfrearsbx@xrea.com,Female,43.207.56.97
431,Rolfe,Vigus,rvigusby@boston.com,Male,140.28.34.107
432,Woodman,Macek,wmacekbz@china.com.cn,Male,112.49.119.142
433,Salomone,Camies,scamiesc0@msn.com,Male,78.192.174.210
434,Jamison,Quogan,jquoganc1@mail.ru,Male,26.128.194.144
435,Aubrette,Lambshine,alambshinec2@cdbaby.com,Female,61.207.240.42
436,Micki,Burdass,mburdassc3@smugmug.com,Female,11.183.105.42
437,Clarice,Lidgely,clidgelyc4@moonfruit.com,Female,195.111.181.227
438,Evin,Giggie,egiggiec5@bandcamp.com,Bigender,153.7.238.139
439,Dion,Brisker,dbriskerc6@cloudflare.com,Female,173.130.49.241
440,Loren,Cheverton,lchevertonc7@nsw.gov.au,Bigender,174.167.101.177
441,Adora,Beecker,abeeckerc8@dedecms.com,Female,42.2.241.105
442,Wini,Klosterman,wklostermanc9@wufoo.com,Female,197.214.63.74
443,Isidro,MacGuigan,imacguiganca@whitehouse.gov,Bigender,183.19.170.13
444,Bartel,Crocombe,bcrocombecb@friendfeed.com,Male,177.9.150.157
445,Daisey,Whorall,dwhorallcc@reverbnation.com,Female,124.22.87.93
446,Dee dee,Blackborn,dblackborncd@amazonaws.com,Female,21.16.212.94
447,Dulcy,Gabites,dgabitesce@nature.com,Female,90.193.70.34
448,Krishna,Ragbourn,kragbourncf@elpais.com,Male,122.35.75.168
449,Arlee,Woodings,awoodingscg@marketwatch.com,Female,82.24.224.23
450,Tremain,MacAirt,tmacairtch@yolasite.com,Male,251.240.70.104
451,Naomi,Ettery,netteryci@nymag.com,Female,225.47.191.114
452,Ryun,Toffolo,rtoffolocj@google.it,Male,81.112.218.54
453,Ilka,MacGille,imacgilleck@storify.com,Agender,90.32.186.46
454,Hervey,Harris,hharriscl@free.fr,Male,40.125.191.141
455,Kissie,Cowtherd,kcowtherdcm@patch.com,Genderfluid,91.32.175.49
456,Corney,Vuitton,cvuittoncn@webmd.com,Male,85.151.155.64
457,Rochette,Sheal,rshealco@timesonline.co.uk,Female,119.206.92.253
458,Marianna,Barlee,mbarleecp@loc.gov,Female,241.97.222.66
459,Sheffy,Warrior,swarriorcq@timesonline.co.uk,Male,202.55.138.63
460,Byrom,Yeude,byeudecr@sun.com,Male,44.217.73.63
461,Ab,Merton,amertoncs@usa.gov,Male,127.187.155.124
462,Tyson,Kliesl,tklieslct@hibu.com,Male,160.250.146.221
463,Leonore,Willgoss,lwillgosscu@npr.org,Female,171.139.200.246
464,Humfried,Parmby,hparmbycv@loc.gov,Male,211.251.156.45
465,Werner,Jakolevitch,wjakolevitchcw@ca.gov,Bigender,132.54.73.58
466,Lincoln,Fredy,lfredycx@nydailynews.com,Male,80.173.149.241
467,Benedicta,Labadini,blabadinicy@list-manage.com,Female,77.93.217.21
468,Cross,Shilliday,cshillidaycz@jigsy.com,Male,151.88.56.250
469,Moll,Sergeaunt,msergeauntd0@telegraph.co.uk,Female,252.85.184.91
470,Fowler,Scrammage,fscrammaged1@tamu.edu,Male,77.7.0.66
471,Ced,Vaskin,cvaskind2@paypal.com,Male,13.217.107.202
472,Lucilia,Towers,ltowersd3@wunderground.com,Female,255.73.237.122
473,Barth,Chasemore,bchasemored4@japanpost.jp,Male,115.26.89.165
474,Dean,Adamovich,dadamovichd5@artisteer.com,Male,208.204.99.102
475,Gianina,Dahler,gdahlerd6@springer.com,Female,235.21.193.153
476,Deck,Lightbown,dlightbownd7@chronoengine.com,Non-binary,170.3.77.65
477,Tedda,Taynton,ttayntond8@independent.co.uk,Female,89.28.65.72
478,Gretel,Northall,gnorthalld9@gmpg.org,Female,46.245.215.134
479,Perice,Honeywood,phoneywoodda@gnu.org,Male,141.233.145.46
480,Montague,Castanie,mcastaniedb@printfriendly.com,Male,238.173.158.6
481,Bard,Kort,bkortdc@amazonaws.com,Male,219.82.243.178
482,Felisha,Vernazza,fvernazzadd@ask.com,Bigender,106.90.58.154
483,Tiffi,MacSwayde,tmacswaydede@usatoday.com,Female,131.128.251.80
484,Karalynn,Tunder,ktunderdf@amazon.co.jp,Female,108.142.115.120
485,Chrisse,Mathison,cmathisondg@twitpic.com,Male,191.166.176.192
486,Moira,Braley,mbraleydh@icq.com,Female,92.122.185.140
487,Fernanda,Carnalan,fcarnalandi@cbc.ca,Female,36.214.97.27
488,Jackquelin,Statham,jstathamdj@home.pl,Female,168.82.251.251
489,Inna,Spender,ispenderdk@usatoday.com,Female,105.250.100.194
490,Allyn,Arrighini,aarrighinidl@discovery.com,Male,91.124.222.27
491,Emmerich,Hansbury,ehansburydm@nps.gov,Male,252.93.117.95
492,Sigismond,Sammon,ssammondn@homestead.com,Male,175.168.193.222
493,Frayda,Fearnyhough,ffearnyhoughdo@spiegel.de,Female,27.248.71.206
494,Boyd,Hackett,bhackettdp@foxnews.com,Male,156.176.130.85
495,Erminia,Moroney,emoroneydq@usatoday.com,Female,45.18.89.90
496,Jacenta,Werner,jwernerdr@howstuffworks.com,Female,36.232.186.152
497,Ware,Berndsen,wberndsends@ox.ac.uk,Male,50.86.68.213
498,Vilma,Crebott,vcrebottdt@virginia.edu,Female,151.61.107.70
499,Law,Lammertz,llammertzdu@typepad.com,Male,206.217.71.151
500,Hilliary,De Zuani,hdezuanidv@so-net.ne.jp,Female,145.63.34.66
501,Ashien,Duchart,aduchartdw@scientificamerican.com,Female,187.48.203.72
502,Janice,Bonnette,jbonnettedx@hud.gov,Female,231.93.65.64
503,Bren,Capelow,bcapelowdy@wisc.edu,Male,198.125.91.52
504,Anna-maria,Tointon,atointondz@usa.gov,Genderqueer,166.115.136.22
505,Arleyne,Nash,anashe0@weibo.com,Female,55.83.53.241
506,Nicoline,Emmer,nemmere1@bizjournals.com,Female,249.107.156.169
507,Christean,Heeron,cheerone2@pinterest.com,Female,57.222.255.212
508,Patsy,Vivians,pvivianse3@alexa.com,Female,109.102.190.22
509,Lana,Pellett,lpellette4@archive.org,Female,117.200.92.233
510,Webb,Gegg,wgegge5@census.gov,Male,78.91.232.219
511,Indira,Risbridge,irisbridgee6@ebay.co.uk,Female,194.146.74.165
512,Katuscha,Annes,kannese7@who.int,Female,107.179.239.105
513,Riki,Powlesland,rpowleslande8@zdnet.com,Female,162.237.226.92
514,Faber,Anselm,fanselme9@friendfeed.com,Male,186.19.178.5
515,Vance,Ferrotti,vferrottiea@admin.ch,Male,220.174.6.162
516,Evelyn,Lerhinan,elerhinaneb@webnode.com,Male,27.39.108.47
517,Dionis,Stanwix,dstanwixec@cnet.com,Female,103.18.187.188
518,Henry,Lawton,hlawtoned@163.com,Male,216.129.184.210
519,Eddi,McIndoe,emcindoeee@biblegateway.com,Female,161.207.104.39
520,Cece,Sagg,csaggef@so-net.ne.jp,Male,88.178.11.180
521,Vail,Sandyford,vsandyfordeg@comsenz.com,Male,223.97.230.56
522,Ursula,Kelleher,ukellehereh@auda.org.au,Female,218.5.227.159
523,Redford,Krysztofowicz,rkrysztofowiczei@etsy.com,Male,208.172.249.37
524,Darbee,Sturror,dsturrorej@bloglovin.com,Male,193.21.200.99
525,Elonore,Chopping,echoppingek@multiply.com,Female,151.97.141.229
526,Dalli,Glenny,dglennyel@cpanel.net,Male,168.126.133.5
527,Lillian,Rao,lraoem@e-recht24.de,Female,165.173.13.41
528,Issie,Mendez,imendezen@yale.edu,Female,20.207.134.85
529,Sandro,Pinfold,spinfoldeo@jigsy.com,Male,198.199.192.183
530,Kellen,Davage,kdavageep@yahoo.com,Female,151.184.71.189
531,Laurie,Rance,lranceeq@abc.net.au,Male,248.145.255.210
532,Rachel,Bohan,rbohaner@sfgate.com,Agender,153.212.152.158
533,Duncan,Hedney,dhedneyes@mashable.com,Male,59.179.217.16
534,Jenny,Klasen,jklasenet@virginia.edu,Female,131.59.214.91
535,Allegra,McKellen,amckelleneu@salon.com,Female,18.145.70.204
536,Siward,McGriele,smcgrieleev@xrea.com,Male,203.3.129.224
537,Kelli,Blair,kblairew@slideshare.net,Female,60.98.254.202
538,Kalina,Wasielewicz,kwasielewiczex@intel.com,Female,71.202.0.52
539,Bing,Deeney,bdeeneyey@hud.gov,Male,222.22.97.158
540,Gwynne,Arbuckle,garbuckleez@mlb.com,Female,102.132.77.252
541,Randal,Steffans,rsteffansf0@earthlink.net,Polygender,27.238.87.57
542,Caitrin,Scriver,cscriverf1@msu.edu,Genderfluid,82.64.154.87
543,Ros,Seston,rsestonf2@illinois.edu,Female,128.122.140.26
544,Moore,Stigell,mstigellf3@wikimedia.org,Male,243.234.230.236
545,Guthrey,Turfitt,gturfittf4@163.com,Genderfluid,23.236.255.61
546,Daven,Miner,dminerf5@marketwatch.com,Male,174.200.74.199
547,Ashlan,Barthot,abarthotf6@clickbank.net,Female,188.76.82.139
548,Milli,Skedgell,mskedgellf7@tmall.com,Female,158.224.148.199
549,Roxy,Ledes,rledesf8@shinystat.com,Female,32.196.83.248
550,Nobe,Patnelli,npatnellif9@eventbrite.com,Male,254.101.19.171
551,Courtnay,Cumbes,ccumbesfa@china.com.cn,Male,253.164.75.84
552,Sandro,Chatain,schatainfb@guardian.co.uk,Male,58.97.216.207
553,Roanna,Rawle,rrawlefc@icq.com,Female,92.248.102.205
554,Sosanna,Redler,sredlerfd@mit.edu,Female,189.45.167.98
555,Rafaellle,Bangham,rbanghamfe@deviantart.com,Male,29.221.201.157
556,Inger,Abazi,iabaziff@chronoengine.com,Non-binary,124.226.100.69
557,Arly,Risebrow,arisebrowfg@phpbb.com,Female,193.205.225.92
558,Codee,Goford,cgofordfh@bravesites.com,Female,28.78.17.201
559,Rockey,Huge,rhugefi@ucsd.edu,Male,104.77.148.220
560,Roman,Houlson,rhoulsonfj@cam.ac.uk,Male,20.186.107.181
561,Inigo,Linay,ilinayfk@hud.gov,Male,0.198.222.225
562,Katerine,Pailin,kpailinfl@so-net.ne.jp,Bigender,155.28.7.192
563,Brittaney,Coultass,bcoultassfm@theatlantic.com,Female,35.133.177.241
564,Moritz,Houson,mhousonfn@cbc.ca,Male,199.75.199.253
565,Perrine,Stockin,pstockinfo@house.gov,Female,23.23.190.112
566,Jude,Klemenz,jklemenzfp@msu.edu,Male,37.76.124.186
567,Darcy,Linstead,dlinsteadfq@sphinn.com,Male,20.19.237.250
568,Layla,Tourry,ltourryfr@privacy.gov.au,Female,174.250.137.4
569,Barbabas,Dresser,bdresserfs@joomla.org,Male,46.114.194.75
570,Katleen,Jarrett,kjarrettft@umich.edu,Agender,89.223.59.146
571,Robinett,Mulran,rmulranfu@de.vu,Bigender,49.96.1.32
572,Carlo,Pizzie,cpizziefv@mediafire.com,Male,190.66.31.206
573,Marten,Tuplin,mtuplinfw@miibeian.gov.cn,Male,253.202.12.114
574,Irwin,Sibary,isibaryfx@squidoo.com,Male,54.129.203.142
575,Araldo,Danby,adanbyfy@deviantart.com,Male,176.162.234.22
576,Wyndham,Targett,wtargettfz@ibm.com,Male,147.237.171.146
577,Nanny,Bointon,nbointong0@nps.gov,Female,187.66.55.106
578,Mackenzie,L'Episcopi,mlepiscopig1@cdbaby.com,Male,213.41.118.75
579,Sydney,Smallacombe,ssmallacombeg2@about.me,Male,235.141.24.14
580,Regen,Renak,rrenakg3@feedburner.com,Male,31.98.27.236
581,Terra,Bollans,tbollansg4@msn.com,Female,241.151.101.178
582,Noble,Penella,npenellag5@skype.com,Male,100.218.239.161
583,Toiboid,Haskey,thaskeyg6@chronoengine.com,Male,4.111.218.66
584,Rip,Self,rselfg7@sina.com.cn,Male,83.5.80.198
585,Rriocard,Marquet,rmarquetg8@fastcompany.com,Male,227.77.234.196
586,Grange,Frail,gfrailg9@eventbrite.com,Male,234.255.162.103
587,Wadsworth,Sheeran,wsheeranga@nature.com,Male,239.49.110.158
588,Kalinda,Pllu,kpllugb@baidu.com,Female,253.255.167.48
589,Nada,Slot,nslotgc@parallels.com,Female,244.222.43.254
590,Terra,Emor,temorgd@amazonaws.com,Female,18.215.107.217
591,Mathilde,Cuolahan,mcuolahange@ow.ly,Female,59.163.187.38
592,Shelton,Bardwell,sbardwellgf@facebook.com,Male,26.5.19.59
593,Evvie,Aleksic,ealeksicgg@slideshare.net,Female,103.193.136.193
594,Graig,Vasnetsov,gvasnetsovgh@icio.us,Male,134.110.196.75
595,Celestine,Barneveld,cbarneveldgi@squarespace.com,Female,29.139.241.186
596,Cyndie,Bausmann,cbausmanngj@usda.gov,Female,218.46.192.235
597,Orlan,Thebeaud,othebeaudgk@mapy.cz,Male,4.13.134.99
598,Paco,Hatton,phattongl@etsy.com,Male,87.37.169.131
599,Avivah,Boni,abonigm@xing.com,Female,80.255.248.116
600,Aili,Duprey,adupreygn@scribd.com,Female,157.135.47.45
601,Cletus,Beevis,cbeevisgo@cbslocal.com,Male,45.66.224.168
602,Alameda,Gunney,agunneygp@unblog.fr,Female,170.184.233.211
603,Antonella,Clark,aclarkgq@acquirethisname.com,Female,126.149.172.165
604,Izak,Ruane,iruanegr@typepad.com,Male,135.151.167.144
605,Ruben,Cholton,rcholtongs@goo.ne.jp,Non-binary,95.189.68.55
606,Meris,Alvar,malvargt@usda.gov,Polygender,250.130.153.83
607,Hettie,Brimilcombe,hbrimilcombegu@blinklist.com,Female,7.22.157.180
608,Janeta,Deaton,jdeatongv@sakura.ne.jp,Female,122.125.250.189
609,Marc,Gales,mgalesgw@fastcompany.com,Male,203.65.39.196
610,Valentijn,Lempertz,vlempertzgx@alexa.com,Male,120.124.220.193
611,Billy,MacGilmartin,bmacgilmartingy@networkadvertising.org,Female,35.175.225.156
612,Glynis,Kretchmer,gkretchmergz@wordpress.com,Female,238.121.3.58
613,Fayina,Franceschi,ffranceschih0@ycombinator.com,Female,219.206.118.45
614,Marcelline,Couchman,mcouchmanh1@google.com.au,Genderqueer,200.117.107.75
615,Coop,Strowther,cstrowtherh2@bigcartel.com,Agender,51.61.236.14
616,Bryanty,Dyhouse,bdyhouseh3@reddit.com,Male,144.65.36.198
617,Jada,Deerness,jdeernessh4@economist.com,Female,128.109.118.97
618,Emmott,McKeachie,emckeachieh5@canalblog.com,Male,249.139.212.89
619,Roshelle,Linturn,rlinturnh6@sina.com.cn,Female,10.29.24.167
620,Nikolaos,Roma,nromah7@abc.net.au,Male,230.140.189.127
621,Kaitlin,Kincla,kkinclah8@amazonaws.com,Female,182.122.213.36
622,Penn,Little,plittleh9@live.com,Male,1.43.67.190
623,Wilmer,Dykes,wdykesha@dmoz.org,Genderqueer,145.185.162.250
624,Antoinette,Paolucci,apaoluccihb@biglobe.ne.jp,Female,28.81.115.213
625,Dan,Siddons,dsiddonshc@ebay.co.uk,Male,51.158.65.15
626,Noni,Mapston,nmapstonhd@prnewswire.com,Female,177.71.15.159
627,Caesar,Lindl,clindlhe@typepad.com,Male,71.26.155.172
628,Octavia,Tong,otonghf@independent.co.uk,Female,120.147.156.77
629,Diannne,Malicki,dmalickihg@mashable.com,Female,116.37.156.86
630,Agace,O'Collopy,aocollopyhh@google.fr,Female,157.113.211.189
631,Earl,Twaits,etwaitshi@desdev.cn,Male,241.82.204.112
632,Colman,Eymer,ceymerhj@paypal.com,Male,193.230.117.5
633,Doloritas,Piet,dpiethk@stumbleupon.com,Female,93.47.66.160
634,Leese,Tartt,ltartthl@yahoo.com,Female,69.87.164.42
635,Catharina,Oakey,coakeyhm@hexun.com,Female,229.202.30.182
636,Caron,O' Meara,comearahn@cbslocal.com,Female,154.179.67.222
637,Matias,Bayman,mbaymanho@dyndns.org,Male,108.184.50.185
638,Livia,Caws,lcawshp@netlog.com,Female,15.47.193.142
639,David,Safhill,dsafhillhq@simplemachines.org,Male,24.52.165.48
640,Helene,Spurdens,hspurdenshr@acquirethisname.com,Genderfluid,102.142.226.5
641,Faustine,Winslade,fwinsladehs@multiply.com,Female,121.71.189.121
642,Leif,Kenright,lkenrightht@shinystat.com,Male,218.190.251.38
643,Fern,Ronan,fronanhu@apple.com,Female,200.43.182.136
644,Sheelagh,Van Der Hoog,svanderhooghv@boston.com,Female,181.53.34.197
645,Sandro,Wharf,swharfhw@noaa.gov,Polygender,74.134.222.250
646,Sherlocke,Melloy,smelloyhx@trellian.com,Male,36.169.160.134
647,Franklin,Tilt,ftilthy@tinypic.com,Male,197.117.67.174
648,Quentin,Le Count,qlecounthz@ehow.com,Male,235.254.198.252
649,Drud,Ranking,drankingi0@typepad.com,Male,125.171.213.62
650,Malanie,Silbersak,msilbersaki1@mozilla.com,Female,34.121.115.64
651,Roi,Casserly,rcasserlyi2@xinhuanet.com,Male,150.189.240.178
652,Kata,Elie,keliei3@cbc.ca,Genderqueer,8.21.59.20
653,Jilli,Wherry,jwherryi4@ucoz.com,Female,159.243.152.57
654,Innis,Nutman,inutmani5@unesco.org,Male,25.42.81.78
655,Abraham,Annwyl,aannwyli6@thetimes.co.uk,Male,219.226.183.97
656,Desirae,Castelletti,dcastellettii7@fastcompany.com,Female,250.208.129.75
657,Marley,Lockery,mlockeryi8@youtu.be,Female,253.169.184.191
658,Stacy,Sparke,ssparkei9@slideshare.net,Polygender,117.100.45.251
659,David,Cleal,dclealia@a8.net,Male,225.0.98.150
660,Amalle,Foch,afochib@google.ca,Genderqueer,205.236.68.132
661,Ernesto,Sterzaker,esterzakeric@ucla.edu,Male,221.108.21.106
662,Rockwell,Butting,rbuttingid@virginia.edu,Male,223.131.218.186
663,Robert,Guyer,rguyerie@wordpress.org,Male,54.215.188.43
664,Sidoney,Cuardall,scuardallif@un.org,Female,247.130.187.58
665,Sheeree,Kobieriecki,skobierieckiig@huffingtonpost.com,Female,119.85.187.42
666,Sisile,Winchcomb,swinchcombih@cloudflare.com,Female,233.234.71.51
667,Gaven,Ponte,gponteii@utexas.edu,Male,2.130.244.89
668,Aloisia,Matis,amatisij@jiathis.com,Female,223.136.179.185
669,Isak,McKnockiter,imcknockiterik@dropbox.com,Genderqueer,41.254.251.147
670,Crissie,Jozsika,cjozsikail@people.com.cn,Female,46.150.157.42
671,Babita,Belding,bbeldingim@prweb.com,Female,78.91.95.53
672,Lorri,Colson,lcolsonin@slideshare.net,Female,72.122.57.144
673,Corilla,Housaman,chousamanio@zdnet.com,Female,8.135.235.28
674,Noemi,Firpo,nfirpoip@cocolog-nifty.com,Female,88.205.150.213
675,Nady,Adey,nadeyiq@economist.com,Female,0.239.81.147
676,Bartholomeo,Headan,bheadanir@multiply.com,Male,145.148.168.221
677,Shayna,Ruddy,sruddyis@newsvine.com,Female,213.121.183.40
678,Verena,Croker,vcrokerit@scribd.com,Genderqueer,155.180.22.120
679,Kendricks,Rizzardi,krizzardiiu@cnet.com,Male,21.154.120.23
680,Caren,Ephgrave,cephgraveiv@merriam-webster.com,Female,26.83.211.99
681,Norine,Gligoraci,ngligoraciiw@goo.gl,Female,23.24.39.75
682,Natassia,Bolding,nboldingix@tripod.com,Female,186.36.91.71
683,Meridith,Aphale,maphaleiy@flavors.me,Female,244.34.171.54
684,Allys,Bickersteth,abickerstethiz@geocities.com,Female,8.52.135.30
685,Corty,Andrusov,candrusovj0@seattletimes.com,Male,188.183.155.90
686,Bruno,Arend,barendj1@prnewswire.com,Male,251.43.188.165
687,Brody,Stoter,bstoterj2@dagondesign.com,Agender,118.249.246.206
688,Jehu,Artis,jartisj3@scientificamerican.com,Male,162.223.135.155
689,Madelaine,Warfield,mwarfieldj4@etsy.com,Female,60.141.239.193
690,Wynn,Booker,wbookerj5@vistaprint.com,Non-binary,192.192.25.179
691,Gustave,Brumby,gbrumbyj6@posterous.com,Male,76.69.100.214
692,Clarissa,Drewell,cdrewellj7@icio.us,Female,111.58.192.67
693,Rowen,Evershed,revershedj8@yahoo.co.jp,Male,244.177.202.181
694,Idalina,Dominighi,idominighij9@archive.org,Genderqueer,214.164.208.216
695,Barris,Marages,bmaragesja@rambler.ru,Male,17.106.192.115
696,Jerrome,Ebbrell,jebbrelljb@sfgate.com,Male,30.54.50.66
697,Lotta,Round,lroundjc@about.com,Female,78.195.19.9
698,Hubert,Beeden,hbeedenjd@marriott.com,Male,241.195.93.64
699,Gratiana,Sidwick,gsidwickje@booking.com,Female,175.230.204.33
700,Anetta,Askie,aaskiejf@digg.com,Female,137.177.158.179
701,Noemi,Richemond,nrichemondjg@diigo.com,Female,155.47.149.158
702,Fabiano,Beneix,fbeneixjh@1688.com,Male,15.183.66.82
703,Tobin,Matthius,tmatthiusji@addtoany.com,Male,109.55.255.71
704,Kyle,Tuffin,ktuffinjj@latimes.com,Female,49.125.58.247
705,Mari,Mendez,mmendezjk@gnu.org,Female,110.165.28.64
706,Nigel,Storres,nstorresjl@a8.net,Male,197.3.183.24
707,Kayne,Grinaugh,kgrinaughjm@pinterest.com,Male,141.249.33.183
708,Vin,O' Gara,vogarajn@rambler.ru,Female,121.36.182.43
709,Sidonnie,Strutt,sstruttjo@dmoz.org,Female,4.67.111.94
710,Blisse,O'Dowgaine,bodowgainejp@princeton.edu,Female,165.128.92.72
711,Fletch,Dilleston,fdillestonjq@liveinternet.ru,Male,70.95.199.225
712,Bird,Leidl,bleidljr@taobao.com,Female,121.36.171.175
713,Patten,O'Logan,pologanjs@rambler.ru,Male,129.183.22.172
714,Ignace,Kearney,ikearneyjt@i2i.jp,Male,116.91.184.178
715,Ryan,Henric,rhenricju@over-blog.com,Male,145.248.178.105
716,Cody,Jolliman,cjollimanjv@census.gov,Male,24.157.235.212
717,Rorke,Matthis,rmatthisjw@hp.com,Male,235.218.65.198
718,Sheelah,McCromley,smccromleyjx@dailymotion.com,Female,77.122.253.235
719,Melany,Greest,mgreestjy@sciencedaily.com,Female,136.22.113.238
720,Gilbert,Mendus,gmendusjz@ameblo.jp,Male,63.254.195.30
721,Chick,Mayou,cmayouk0@ifeng.com,Male,34.139.229.6
722,Merci,Saing,msaingk1@google.co.jp,Female,38.183.104.185
723,Torrie,Shoesmith,tshoesmithk2@yale.edu,Female,204.19.53.118
724,Kissie,Merriment,kmerrimentk3@theglobeandmail.com,Female,111.103.19.69
725,Portie,Meriott,pmeriottk4@ocn.ne.jp,Genderqueer,63.194.23.194
726,Suzanna,MacArd,smacardk5@slashdot.org,Female,151.24.211.244
727,Jeannine,Poundsford,jpoundsfordk6@dyndns.org,Female,19.55.144.34
728,Normy,Benyon,nbenyonk7@wikipedia.org,Male,200.29.132.204
729,Hercules,Cowle,hcowlek8@ca.gov,Male,104.207.168.150
730,Niven,Grzegorzewski,ngrzegorzewskik9@comcast.net,Male,66.219.33.118
731,Avram,Skettles,askettleska@mail.ru,Male,25.234.133.94
732,Kristyn,Wolfart,kwolfartkb@slate.com,Female,206.163.239.105
733,Iosep,Rookwell,irookwellkc@toplist.cz,Male,109.234.164.193
734,Nicolais,Zavattero,nzavatterokd@reddit.com,Male,118.161.131.65
735,Brenden,Barrell,bbarrellke@harvard.edu,Male,212.204.105.21
736,Ive,Seeking,iseekingkf@nationalgeographic.com,Male,112.235.223.8
737,Mady,Klas,mklaskg@mozilla.org,Female,113.206.228.73
738,Ellery,Leigh,eleighkh@irs.gov,Male,233.214.151.160
739,Any,Grinin,agrininki@desdev.cn,Male,146.105.20.4
740,Mitzi,Helleker,mhellekerkj@icq.com,Female,232.18.240.228
741,Lincoln,Agiolfinger,lagiolfingerkk@de.vu,Male,191.143.87.226
742,Winfield,Simmonite,wsimmonitekl@rambler.ru,Male,76.199.229.51
743,Mendie,Whatmough,mwhatmoughkm@toplist.cz,Male,84.232.171.251
744,Conrade,Seage,cseagekn@abc.net.au,Male,29.249.36.52
745,Zonda,Dumingos,zdumingosko@dailymail.co.uk,Female,24.246.248.38
746,Penny,Powder,ppowderkp@google.es,Male,35.52.121.114
747,Dolli,Ivie,diviekq@blogspot.com,Female,117.196.109.42
748,Stephannie,Levitt,slevittkr@naver.com,Bigender,186.180.5.191
749,Jilli,Soloway,jsolowayks@dagondesign.com,Female,216.162.149.213
750,Dickie,Bert,dbertkt@alexa.com,Male,132.37.164.193
751,Idaline,Dilks,idilksku@dyndns.org,Female,209.30.99.11
752,Slade,Tschersich,stschersichkv@studiopress.com,Male,235.109.171.94
753,Taddeo,Storey,tstoreykw@squarespace.com,Male,223.226.186.100
754,Laina,Berka,lberkakx@nationalgeographic.com,Female,111.144.53.209
755,Vanda,Willder,vwillderky@cdc.gov,Female,137.201.86.163
756,Josie,Golsby,jgolsbykz@redcross.org,Female,15.168.63.96
757,Adelbert,Caldow,acaldowl0@discuz.net,Genderfluid,126.10.208.32
758,Codee,Leal,cleall1@topsy.com,Female,56.255.165.15
759,Elliott,Sifleet,esifleetl2@gov.uk,Male,126.157.56.80
760,Ronnie,Roxby,rroxbyl3@berkeley.edu,Genderfluid,194.212.163.244
761,Barrett,Stead,bsteadl4@dropbox.com,Genderqueer,131.67.174.109
762,Kylen,Goshawk,kgoshawkl5@creativecommons.org,Female,249.96.57.195
763,Blondelle,Culp,bculpl6@a8.net,Female,204.25.163.224
764,Samson,Karlowicz,skarlowiczl7@nyu.edu,Male,185.131.190.150
765,Bunnie,Isaksen,bisaksenl8@constantcontact.com,Female,190.19.85.247
766,Cynde,Askwith,caskwithl9@webnode.com,Female,139.114.183.46
767,Bondie,Pilger,bpilgerla@paypal.com,Male,254.23.139.19
768,Richmound,Joyes,rjoyeslb@alexa.com,Male,191.238.240.172
769,Daffy,Weavill,dweavilllc@ted.com,Female,251.184.181.73
770,Martino,Egdale,megdaleld@pinterest.com,Male,212.134.23.163
771,Julianna,Itzak,jitzakle@nps.gov,Female,246.246.194.59
772,Mic,Safe,msafelf@live.com,Male,10.26.78.106
773,Mufinella,Huff,mhufflg@indiatimes.com,Female,254.199.105.21
774,Garwood,Jeannot,gjeannotlh@cpanel.net,Male,210.37.200.171
775,Obed,Firks,ofirksli@marketwatch.com,Male,10.172.172.27
776,Sargent,Stein,ssteinlj@cmu.edu,Male,22.168.102.65
777,Nikos,Loude,nloudelk@geocities.jp,Male,143.228.201.85
778,Bev,Nehlsen,bnehlsenll@wisc.edu,Female,121.183.165.38
779,Jarrett,Trimme,jtrimmelm@mtv.com,Male,135.116.155.207
780,Ainslee,Fittall,afittallln@unicef.org,Female,239.151.240.209
781,Natal,Kantor,nkantorlo@tinyurl.com,Male,26.131.36.90
782,Vanny,Sebright,vsebrightlp@wunderground.com,Female,87.81.29.65
783,Aurora,Cairney,acairneylq@i2i.jp,Female,185.131.93.118
784,Bourke,Hansom,bhansomlr@chronoengine.com,Male,62.149.133.213
785,Erma,Harber,eharberls@newsvine.com,Female,145.80.157.109
786,Felecia,Stallan,fstallanlt@elegantthemes.com,Female,140.103.101.156
787,Timothy,Worswick,tworswicklu@omniture.com,Male,24.59.153.62
788,Kandy,Piotr,kpiotrlv@fda.gov,Female,218.13.197.58
789,Wanda,Phare,wpharelw@yellowpages.com,Female,76.123.244.34
790,Janey,Haukey,jhaukeylx@cdc.gov,Female,76.77.153.117
791,Corbet,Loadsman,cloadsmanly@microsoft.com,Male,90.254.195.226
792,Tish,Helis,thelislz@scientificamerican.com,Female,57.40.245.202
793,Elvera,Gabbotts,egabbottsm0@woothemes.com,Agender,28.26.223.72
794,Christopher,Webling,cweblingm1@amazon.com,Male,112.220.102.22
795,Isadora,Walcot,iwalcotm2@hexun.com,Female,48.119.93.229
796,Geri,Alessandrelli,galessandrellim3@tiny.cc,Male,154.173.206.33
797,Pierrette,Filewood,pfilewoodm4@bluehost.com,Female,29.129.49.79
798,Claiborne,Lamborn,clambornm5@mashable.com,Male,219.32.173.255
799,Dido,Britto,dbrittom6@comcast.net,Female,230.47.223.90
800,Berti,Pauletto,bpaulettom7@ebay.com,Female,231.13.16.36
801,Tanny,Sneaker,tsneakerm8@acquirethisname.com,Male,14.226.102.183
802,Terence,Malcher,tmalcherm9@scientificamerican.com,Male,81.249.115.202
803,Ignace,Oakley,ioakleyma@desdev.cn,Male,239.15.199.90
804,Neville,Wilcinskis,nwilcinskismb@imdb.com,Male,192.113.68.225
805,Sigismond,Pautot,spautotmc@example.com,Male,6.210.102.224
806,Correy,Geri,cgerimd@pbs.org,Genderfluid,113.177.139.66
807,Hervey,Mulhall,hmulhallme@va.gov,Male,30.215.151.110
808,Sharlene,McGougan,smcgouganmf@biblegateway.com,Female,30.138.246.181
809,Andonis,Powles,apowlesmg@sogou.com,Male,150.118.57.97
810,Clementia,Colhoun,ccolhounmh@stanford.edu,Female,168.216.104.130
811,Jemmie,Espley,jespleymi@wordpress.org,Female,60.28.224.107
812,Ricky,Pimblett,rpimblettmj@rambler.ru,Male,129.120.83.207
813,Biddy,Maskell,bmaskellmk@themeforest.net,Female,135.212.250.14
814,Hunt,Schanke,hschankeml@quantcast.com,Agender,177.18.109.83
815,Jacquetta,Piecha,jpiechamm@microsoft.com,Female,23.5.175.225
816,Algernon,Piercey,apierceymn@weather.com,Male,107.82.161.138
817,Corie,Propper,cproppermo@exblog.jp,Female,190.222.147.217
818,Amity,Rosenfelder,arosenfeldermp@fastcompany.com,Female,93.65.159.145
819,Yard,Ellwood,yellwoodmq@comcast.net,Male,170.234.245.192
820,Yoshi,Rowson,yrowsonmr@lulu.com,Female,16.168.146.143
821,Roger,Zimmer,rzimmerms@cbc.ca,Male,92.101.68.142
822,Lucius,Lessmare,llessmaremt@joomla.org,Male,71.167.137.183
823,Isobel,Sikorsky,isikorskymu@shop-pro.jp,Female,193.105.116.71
824,Karita,Johnston,kjohnstonmv@booking.com,Female,176.178.70.167
825,Arnie,Elizabeth,aelizabethmw@usda.gov,Male,242.50.87.148
826,Lanita,Brisse,lbrissemx@msu.edu,Female,20.102.58.48
827,Redd,Krzyzowski,rkrzyzowskimy@is.gd,Male,160.219.9.70
828,Agathe,Osgordby,aosgordbymz@facebook.com,Female,183.9.72.56
829,Peirce,Assender,passendern0@reddit.com,Male,244.74.4.102
830,Daffi,Todarini,dtodarinin1@wikimedia.org,Genderqueer,243.28.119.125
831,Emmet,Shropshire,eshropshiren2@bizjournals.com,Male,32.240.36.68
832,Cody,Alwell,calwelln3@ucla.edu,Female,136.198.35.4
833,Petronia,Roscamp,proscampn4@illinois.edu,Female,66.5.228.29
834,Krisha,Rowbottom,krowbottomn5@howstuffworks.com,Male,1.3.185.147
835,Harcourt,Kinde,hkinden6@zimbio.com,Male,82.71.122.187
836,Millie,Bassett,mbassettn7@mac.com,Female,55.95.130.146
837,Humbert,Izzatt,hizzattn8@techcrunch.com,Male,245.172.174.10
838,Sabrina,Jeffreys,sjeffreysn9@twitpic.com,Female,102.232.106.79
839,Auguste,Floch,aflochna@ibm.com,Female,179.146.64.165
840,Lorne,Rowcliffe,lrowcliffenb@wisc.edu,Male,99.172.219.78
841,Art,Weathey,aweatheync@apple.com,Male,168.237.107.185
842,Rurik,Binfield,rbinfieldnd@unicef.org,Male,43.112.186.144
843,Lira,Overy,loveryne@blogger.com,Female,200.48.197.25
844,Lawrence,Knee,lkneenf@bigcartel.com,Male,65.202.191.28
845,Renae,Giblin,rgiblinng@omniture.com,Female,226.64.234.165
846,Neddie,Mayou,nmayounh@msu.edu,Male,219.127.112.30
847,Estele,McCrainor,emccrainorni@trellian.com,Female,213.237.104.244
848,Ardene,Balme,abalmenj@nbcnews.com,Female,148.238.119.234
849,Emelina,Guynemer,eguynemernk@thetimes.co.uk,Female,2.252.62.205
850,Elbertina,Breslauer,ebreslauernl@bizjournals.com,Female,25.95.95.38
851,Sunny,Caddies,scaddiesnm@wsj.com,Male,123.15.180.219
852,Bartolomeo,Woodings,bwoodingsnn@yandex.ru,Male,137.101.80.182
853,Brandea,Bamlett,bbamlettno@desdev.cn,Female,45.44.176.124
854,Kienan,Pellew,kpellewnp@cpanel.net,Polygender,143.12.42.148
855,Ravi,McGaughey,rmcgaugheynq@domainmarket.com,Male,55.97.144.159
856,Modesta,Topes,mtopesnr@engadget.com,Female,59.122.122.218
857,Juana,Malins,jmalinsns@mail.ru,Female,89.221.76.54
858,Regen,Sowley,rsowleynt@tuttocitta.it,Non-binary,74.255.249.254
859,Wilhelmina,Keasey,wkeaseynu@nationalgeographic.com,Female,25.42.150.175
860,Neala,Kingdom,nkingdomnv@umn.edu,Female,177.244.169.137
861,Aldus,O'Kelly,aokellynw@ted.com,Male,25.96.122.151
862,Averell,Casbolt,acasboltnx@eventbrite.com,Male,58.170.175.35
863,Sanders,Calladine,scalladineny@comcast.net,Male,135.147.230.101
864,Merill,Crowcum,mcrowcumnz@mysql.com,Male,1.183.143.134
865,Rudy,Dows,rdowso0@netscape.com,Male,213.39.53.58
866,Boniface,Hewson,bhewsono1@economist.com,Male,61.215.33.178
867,Antonietta,Brodhead,abrodheado2@bbc.co.uk,Female,179.2.86.185
868,Anabella,Attride,aattrideo3@usnews.com,Female,59.109.242.251
869,Farr,Addington,faddingtono4@zdnet.com,Male,72.252.225.219
870,Pacorro,Colcomb,pcolcombo5@blinklist.com,Male,238.213.89.36
871,Kin,Clarkson,kclarksono6@hc360.com,Male,8.42.229.154
872,Ted,Hallows,thallowso7@storify.com,Male,70.230.206.60
873,Jemima,Hursey,jhurseyo8@webnode.com,Female,216.38.26.53
874,Eduardo,Thies,ethieso9@webmd.com,Male,115.66.126.13
875,Jackelyn,Beecker,jbeeckeroa@wix.com,Female,41.21.13.93
876,Dar,Castangia,dcastangiaob@princeton.edu,Male,33.217.30.231
877,Lonnie,Benbrick,lbenbrickoc@wix.com,Male,8.136.246.100
878,Elana,Eacle,eeacleod@storify.com,Female,149.58.94.78
879,Betsy,Megainey,bmegaineyoe@twitpic.com,Non-binary,123.153.155.184
880,Catherin,Norcliffe,cnorcliffeof@t-online.de,Agender,131.54.146.93
881,Ginger,Whatmough,gwhatmoughog@loc.gov,Female,91.98.84.234
882,Carmelita,St Louis,cstlouisoh@oracle.com,Female,182.169.25.111
883,Pauline,Charlick,pcharlickoi@time.com,Female,78.183.8.152
884,Humberto,Heeron,hheeronoj@ftc.gov,Male,244.131.225.200
885,Maritsa,Cathee,mcatheeok@merriam-webster.com,Female,226.55.170.166
886,Chrissie,Trenholm,ctrenholmol@fotki.com,Male,181.203.222.67
887,Annamaria,Padilla,apadillaom@themeforest.net,Female,9.118.199.96
888,Kristine,Dodsley,kdodsleyon@seesaa.net,Female,43.117.147.109
889,Michaeline,Harlick,mharlickoo@tiny.cc,Female,233.118.197.20
890,Anette,Rosenschein,arosenscheinop@eepurl.com,Female,41.11.137.51
891,Sondra,Clawe,sclaweoq@tuttocitta.it,Female,254.97.18.228
892,Giff,Bart,gbartor@mtv.com,Male,99.110.157.119
893,Ettore,Dankersley,edankersleyos@ovh.net,Male,27.6.61.118
894,Juliette,Yanshonok,jyanshonokot@scribd.com,Female,212.40.105.199
895,Celestina,Dormand,cdormandou@wix.com,Female,38.190.68.221
896,Aloysia,Benza,abenzaov@deviantart.com,Female,176.97.122.30
897,Alexei,Jodrellec,ajodrellecow@exblog.jp,Male,165.132.4.133
898,Desi,Craney,dcraneyox@globo.com,Male,168.233.239.87
899,Beauregard,Davidman,bdavidmanoy@wordpress.org,Male,0.83.57.172
900,Josepha,Damiata,jdamiataoz@usnews.com,Female,255.145.10.235
901,Cassi,Norrie,cnorriep0@behance.net,Polygender,190.169.33.15
902,Petronella,Iapico,piapicop1@usatoday.com,Female,187.126.248.46
903,Gan,Hardbattle,ghardbattlep2@nationalgeographic.com,Male,6.58.27.203
904,Leonore,De Paepe,ldepaepep3@mlb.com,Female,246.242.107.109
905,Brigitte,Beadham,bbeadhamp4@hhs.gov,Female,199.45.188.96
906,Robers,Fayerbrother,rfayerbrotherp5@istockphoto.com,Male,139.15.7.6
907,Maritsa,Begg,mbeggp6@fastcompany.com,Female,159.229.254.238
908,Hillery,Hansberry,hhansberryp7@phoca.cz,Male,209.174.188.214
909,Rebekkah,Boscher,rboscherp8@umn.edu,Female,246.112.14.104
910,Vergil,Wellesley,vwellesleyp9@noaa.gov,Male,59.9.170.190
911,Sunny,Beavors,sbeavorspa@cisco.com,Female,7.39.255.184
912,Elfrieda,Millwater,emillwaterpb@arstechnica.com,Female,132.215.76.209
913,Evangelina,Pieche,epiechepc@symantec.com,Female,252.17.206.78
914,Earl,Palfreeman,epalfreemanpd@google.de,Male,145.38.247.226
915,Vi,Orteu,vorteupe@dyndns.org,Female,1.60.40.78
916,Audi,Ranscome,aranscomepf@tumblr.com,Female,35.29.70.160
917,Sly,Bowry,sbowrypg@omniture.com,Male,239.80.24.230
918,Evyn,Bonin,eboninph@yahoo.com,Male,222.186.5.183
919,Shani,Ollerhead,sollerheadpi@buzzfeed.com,Female,42.46.21.243
920,Aleksandr,Crielly,acriellypj@mediafire.com,Male,24.106.102.102
921,Mavra,Lacer,mlacerpk@sakura.ne.jp,Female,182.150.80.180
922,Kasper,Schwanden,kschwandenpl@sciencedirect.com,Male,189.176.123.95
923,Cris,Konmann,ckonmannpm@baidu.com,Female,166.194.212.172
924,Rochette,Fullom,rfullompn@engadget.com,Female,250.60.243.37
925,Justinn,Wemes,jwemespo@skype.com,Female,118.111.103.202
926,Whitby,Gyles,wgylespp@census.gov,Male,244.44.172.7
927,Fanny,Langforth,flangforthpq@sohu.com,Female,173.93.1.203
928,Kathleen,Boshere,kbosherepr@imageshack.us,Female,207.116.8.136
929,Payton,Habbeshaw,phabbeshawps@mozilla.org,Genderfluid,20.94.167.108
930,Fayre,Simeon,fsimeonpt@weebly.com,Genderqueer,127.101.75.227
931,Joseph,Gresswood,jgresswoodpu@hubpages.com,Male,176.231.238.39
932,Cord,Remmer,cremmerpv@tinypic.com,Male,46.161.50.255
933,Bianca,Spoor,bspoorpw@ycombinator.com,Agender,44.228.54.159
934,Berkeley,Iacomi,biacomipx@seattletimes.com,Male,255.131.122.39
935,Raphael,Edgerly,redgerlypy@oakley.com,Male,129.42.245.218
936,Elysha,Windaybank,ewindaybankpz@xrea.com,Female,124.41.214.6
937,Garreth,Swanbourne,gswanbourneq0@craigslist.org,Male,77.147.154.138
938,Tessi,O'Sherrin,tosherrinq1@ed.gov,Female,79.153.26.145
939,Addy,Chidwick,achidwickq2@ning.com,Male,55.127.214.107
940,Nowell,Rowan,nrowanq3@newsvine.com,Male,132.108.71.50
941,Bell,Klimaszewski,bklimaszewskiq4@plala.or.jp,Female,38.65.90.20
942,Anabelle,Parzis,aparzisq5@nps.gov,Female,222.50.4.49
943,Malvina,Rounding,mroundingq6@blogspot.com,Female,80.2.158.239
944,Gerri,Pikhno,gpikhnoq7@scientificamerican.com,Male,124.59.8.70
945,Pryce,Walster,pwalsterq8@nps.gov,Male,65.176.197.57
946,Morgen,Keeltagh,mkeeltaghq9@fotki.com,Male,54.41.6.80
947,Hilario,Birrane,hbirraneqa@scientificamerican.com,Male,228.48.62.179
948,Hadley,O' Driscoll,hodriscollqb@ebay.co.uk,Male,69.192.79.147
949,Celeste,Remer,cremerqc@pbs.org,Female,127.193.162.7
950,Benedicta,Sharrard,bsharrardqd@fda.gov,Female,222.228.51.2
951,Ave,Michal,amichalqe@fc2.com,Polygender,155.135.210.19
952,Pyotr,Berkelay,pberkelayqf@pen.io,Male,124.246.207.77
953,Rhett,Furmonger,rfurmongerqg@yale.edu,Male,251.63.95.184
954,Sybille,Copplestone,scopplestoneqh@51.la,Female,183.165.9.202
955,Martina,McAvinchey,mmcavincheyqi@mlb.com,Female,58.10.190.13
956,Eleanor,Tedder,etedderqj@washingtonpost.com,Female,242.144.73.116
957,Dulcie,Riggert,driggertqk@skyrock.com,Female,116.190.100.192
958,Ranice,Donwell,rdonwellql@forbes.com,Female,119.173.79.181
959,Hadlee,Rossey,hrosseyqm@constantcontact.com,Male,29.82.152.113
960,Gussie,Melbourn,gmelbournqn@cnet.com,Female,204.14.63.67
961,Scarface,Simoens,ssimoensqo@networkadvertising.org,Male,1.202.59.149
962,Fredelia,Paolotto,fpaolottoqp@godaddy.com,Female,43.207.18.185
963,Philippine,Senyard,psenyardqq@npr.org,Female,184.86.148.167
964,Patsy,Mandre,pmandreqr@netscape.com,Male,111.169.195.23
965,Mordy,O'Corhane,mocorhaneqs@oakley.com,Male,227.245.218.167
966,Daisi,Gadsdon,dgadsdonqt@webmd.com,Female,35.165.234.74
967,Goraud,Presland,gpreslandqu@timesonline.co.uk,Non-binary,139.13.24.156
968,Glynda,Delcastel,gdelcastelqv@wikispaces.com,Female,115.135.209.177
969,Hagan,Melmore,hmelmoreqw@theatlantic.com,Male,242.32.179.140
970,Uri,Jikylls,ujikyllsqx@sphinn.com,Male,122.134.137.243
971,Nicolina,Lindop,nlindopqy@indiegogo.com,Female,131.3.71.140
972,Sylas,Cousen,scousenqz@mapy.cz,Male,15.16.81.113
973,Garner,Pfeiffer,gpfeifferr0@illinois.edu,Genderqueer,34.15.145.192
974,Oralee,Gorusso,ogorussor1@opensource.org,Female,238.36.228.174
975,Haley,Crass,hcrassr2@slate.com,Female,209.179.222.216
976,Diarmid,Rosten,drostenr3@zdnet.com,Male,171.17.155.125
977,Brockie,Howis,bhowisr4@accuweather.com,Male,248.26.249.17
978,Georg,Bradane,gbradaner5@exblog.jp,Male,249.30.254.35
979,Marcelo,Randales,mrandalesr6@reverbnation.com,Male,111.5.38.155
980,Clevie,Cyphus,ccyphusr7@ehow.com,Male,195.195.175.216
981,Agneta,Josselson,ajosselsonr8@indiegogo.com,Female,68.17.215.254
982,Hanna,Thirlaway,hthirlawayr9@wiley.com,Female,84.223.224.46
983,Vida,Ghilardi,vghilardira@free.fr,Female,33.92.101.113
984,Kylen,Graveston,kgravestonrb@webs.com,Female,43.53.173.130
985,Donalt,Harradine,dharradinerc@apache.org,Male,58.197.199.226
986,El,Wrack,ewrackrd@apache.org,Male,143.78.51.230
987,Ives,Hanney,ihanneyre@newsvine.com,Male,84.4.139.128
988,Doreen,Peppett,dpeppettrf@bbc.co.uk,Female,199.244.198.192
989,Caryl,Farnill,cfarnillrg@cbsnews.com,Female,83.21.231.232
990,Benetta,Gullivent,bgulliventrh@netlog.com,Non-binary,253.123.113.213
991,June,Allibon,jallibonri@fc2.com,Female,184.138.138.77
992,Ivonne,Winston,iwinstonrj@amazon.co.uk,Female,216.127.28.29
993,Blythe,Brien,bbrienrk@vimeo.com,Polygender,228.224.22.35
994,Jarvis,Stockau,jstockaurl@lulu.com,Male,95.69.142.15
995,Zoe,Janovsky,zjanovskyrm@wufoo.com,Polygender,127.90.201.20
996,Elmer,Welbourn,ewelbournrn@cafepress.com,Genderqueer,8.93.23.135
997,Christal,Girone,cgironero@indiegogo.com,Female,173.51.107.10
998,Reid,Stokey,rstokeyrp@furl.net,Male,171.221.4.6
999,La verne,Acosta,lacostarq@google.nl,Female,222.81.210.92
1000,Claudell,Harroway,charrowayrr@upenn.edu,Male,97.193.122.195
