12,Magdalene,Nairn,mnairnb@uiuc.edu,Agender,18.7.137.148
24,Octavius,Duthie,oduthien@psu.edu,Male,211.3.32.182
69,Binny,Hunnicot,bhunnicot1w@yale.edu,Female,242.148.183.175
73,Moore,Rankin,mrankin20@utexas.edu,Male,31.196.37.6
104,Wait,Sitlinton,wsitlinton2v@utexas.edu,Male,61.7.129.131
111,Rutledge,Spalton,rspalton32@berkeley.edu,Male,215.78.36.181
119,Clerc,Mangion,cmangion3a@arizona.edu,Male,89.75.110.164
138,Guido,Bewshea,gbewshea3t@cornell.edu,Male,146.156.50.252
186,Jehu,Bavester,jbavester55@yale.edu,Male,226.251.111.9
198,Cele,Kleint,ckleint5h@virginia.edu,Female,20.37.86.204
231,Rheba,Carmont,rcarmont6e@arizona.edu,Female,228.241.172.159
233,Bennett,Belham,bbelham6g@unc.edu,Male,7.167.219.114
238,Martainn,Rapo,mrapo6l@virginia.edu,Male,161.235.207.67
249,Mirilla,Kears,mkears6w@illinois.edu,Genderfluid,168.206.35.236
320,Ara,Grouse,agrouse8v@ucsd.edu,Male,205.4.214.64
330,Ardyth,Liverock,aliverock95@psu.edu,Female,24.144.226.255
341,Kiah,Miettinen,kmiettinen9g@uiuc.edu,Female,76.26.55.141
344,Christyna,Rene,crene9j@harvard.edu,Female,60.79.57.183
349,Tris,Scholefield,tscholefield9o@harvard.edu,Male,31.91.173.95
379,Ave,Cattroll,acattrollai@stanford.edu,Male,134.50.31.87
410,Caresse,Abadam,cabadambd@stanford.edu,Female,142.222.185.111
429,Amos,Soppit,asoppitbw@princeton.edu,Male,218.103.95.206
470,Fowler,Scrammage,fscrammaged1@tamu.edu,Male,77.7.0.66
498,Vilma,Crebott,vcrebottdt@virginia.edu,Female,151.61.107.70
503,Bren,Capelow,bcapelowdy@wisc.edu,Male,198.125.91.52
528,Issie,Mendez,imendezen@yale.edu,Female,20.207.134.85
534,Jenny,Klasen,jklasenet@virginia.edu,Female,131.59.214.91
542,Caitrin,Scriver,cscriverf1@msu.edu,Genderfluid,82.64.154.87
543,Ros,Seston,rsestonf2@illinois.edu,Female,128.122.140.26
554,Sosanna,Redler,sredlerfd@mit.edu,Female,189.45.167.98
559,Rockey,Huge,rhugefi@ucsd.edu,Male,104.77.148.220
566,Jude,Klemenz,jklemenzfp@msu.edu,Male,37.76.124.186
570,Katleen,Jarrett,kjarrettft@umich.edu,Agender,89.223.59.146
661,Ernesto,Sterzaker,esterzakeric@ucla.edu,Male,221.108.21.106
662,Rockwell,Butting,rbuttingid@virginia.edu,Male,223.131.218.186
667,Gaven,Ponte,gponteii@utexas.edu,Male,2.130.244.89
710,Blisse,O'Dowgaine,bodowgainejp@princeton.edu,Female,165.128.92.72
723,Torrie,Shoesmith,tshoesmithk2@yale.edu,Female,204.19.53.118
735,Brenden,Barrell,bbarrellke@harvard.edu,Male,212.204.105.21
760,Ronnie,Roxby,rroxbyl3@berkeley.edu,Genderfluid,194.212.163.244
764,Samson,Karlowicz,skarlowiczl7@nyu.edu,Male,185.131.190.150
776,Sargent,Stein,ssteinlj@cmu.edu,Male,22.168.102.65
778,Bev,Nehlsen,bnehlsenll@wisc.edu,Female,121.183.165.38
810,Clementia,Colhoun,ccolhounmh@stanford.edu,Female,168.216.104.130
826,Lanita,Brisse,lbrissemx@msu.edu,Female,20.102.58.48
832,Cody,Alwell,calwelln3@ucla.edu,Female,136.198.35.4
833,Petronia,Roscamp,proscampn4@illinois.edu,Female,66.5.228.29
840,Lorne,Rowcliffe,lrowcliffenb@wisc.edu,Male,99.172.219.78
846,Neddie,Mayou,nmayounh@msu.edu,Male,219.127.112.30
860,Neala,Kingdom,nkingdomnv@umn.edu,Female,177.244.169.137
876,Dar,Castangia,dcastangiaob@princeton.edu,Male,33.217.30.231
909,Rebekkah,Boscher,rboscherp8@umn.edu,Female,246.112.14.104
953,Rhett,Furmonger,rfurmongerqg@yale.edu,Male,251.63.95.184
973,Garner,Pfeiffer,gpfeifferr0@illinois.edu,Genderqueer,34.15.145.192
1000,Claudell,Harroway,charrowayrr@upenn.edu,Male,97.193.122.195
